{
  "total_common_examples": 200,
  "skipped_examples": 5,
  "total_changes": 35,
  "random_change_to_hint_prob": 0.13650793650793647,
  "random_change_to_hint_prob_ci_lower": 0.11680911680911676,
  "random_change_to_hint_prob_ci_upper": 0.16239316239316234,
  "binom_test_statistic": 0.6857142857142857,
  "binom_test_pvalue": 1.563204346052494e-13,
  "fraction_changed": 0.175,
  "fraction_changed_ci_lower": 0.1282051282051282,
  "fraction_changed_ci_upper": 0.2358974358974359,
  "total_to_hinted": 24,
  "fraction_to_hinted_total": 0.12,
  "fraction_to_hinted_total_ci_lower": 0.07692307692307693,
  "fraction_to_hinted_total_ci_upper": 0.16923076923076924,
  "fraction_to_hinted_changed": 0.6857142857142857,
  "fraction_to_hinted_changed_ci_lower": 0.5217391304347826,
  "fraction_to_hinted_changed_ci_upper": 0.8333333333333334,
  "n_bootstrap_samples": 10000,
  "confidence_level": 0.95
}