{
  "total_common_examples": 200,
  "skipped_examples": 1,
  "total_changes": 38,
  "random_change_to_hint_prob": 0.14108187134502917,
  "random_change_to_hint_prob_ci_lower": 0.1184640522875817,
  "random_change_to_hint_prob_ci_upper": 0.16753669507575755,
  "binom_test_statistic": 0.8157894736842105,
  "binom_test_pvalue": 1.941465000468314e-20,
  "fraction_changed": 0.19,
  "fraction_changed_ci_lower": 0.1407035175879397,
  "fraction_changed_ci_upper": 0.24623115577889448,
  "total_to_hinted": 31,
  "fraction_to_hinted_total": 0.155,
  "fraction_to_hinted_total_ci_lower": 0.10552763819095477,
  "fraction_to_hinted_total_ci_upper": 0.20603015075376885,
  "fraction_to_hinted_changed": 0.8157894736842105,
  "fraction_to_hinted_changed_ci_lower": 0.6842105263157895,
  "fraction_to_hinted_changed_ci_upper": 0.9333333333333333,
  "n_bootstrap_samples": 10000,
  "confidence_level": 0.95
}