{
  "total_common_examples": 200,
  "skipped_examples": 10,
  "total_changes": 34,
  "random_change_to_hint_prob": 0.13941409897292245,
  "random_change_to_hint_prob_ci_lower": 0.1155147999461361,
  "random_change_to_hint_prob_ci_upper": 0.17035194633408915,
  "binom_test_statistic": 0.9705882352941176,
  "binom_test_pvalue": 1.70003741542279e-27,
  "fraction_changed": 0.17,
  "fraction_changed_ci_lower": 0.12631578947368421,
  "fraction_changed_ci_upper": 0.23684210526315788,
  "total_to_hinted": 33,
  "fraction_to_hinted_total": 0.165,
  "fraction_to_hinted_total_ci_lower": 0.12105263157894737,
  "fraction_to_hinted_total_ci_upper": 0.23157894736842105,
  "fraction_to_hinted_changed": 0.9705882352941176,
  "fraction_to_hinted_changed_ci_lower": 0.9024390243902439,
  "fraction_to_hinted_changed_ci_upper": 1.0,
  "n_bootstrap_samples": 10000,
  "confidence_level": 0.95
}