{
  "total_common_examples": 198,
  "skipped_examples": 3,
  "total_changes": 64,
  "random_change_to_hint_prob": 0.3333333333333333,
  "random_change_to_hint_prob_ci_lower": 0.33333333333333315,
  "random_change_to_hint_prob_ci_upper": 0.3333333333333333,
  "binom_test_statistic": 0.984375,
  "binom_test_pvalue": 3.756898035795566e-29,
  "fraction_changed": 0.32323232323232326,
  "fraction_changed_ci_lower": 0.26153846153846155,
  "fraction_changed_ci_upper": 0.39487179487179486,
  "total_to_hinted": 63,
  "fraction_to_hinted_total": 0.3181818181818182,
  "fraction_to_hinted_total_ci_lower": 0.2564102564102564,
  "fraction_to_hinted_total_ci_upper": 0.38974358974358975,
  "fraction_to_hinted_changed": 0.984375,
  "fraction_to_hinted_changed_ci_lower": 0.9473684210526315,
  "fraction_to_hinted_changed_ci_upper": 1.0,
  "n_bootstrap_samples": 10000,
  "confidence_level": 0.95
}