{
  "total_common_examples": 198,
  "skipped_examples": 2,
  "total_changes": 148,
  "random_change_to_hint_prob": 0.3333333333333333,
  "random_change_to_hint_prob_ci_lower": 0.33333333333333326,
  "random_change_to_hint_prob_ci_upper": 0.33333333333333337,
  "binom_test_statistic": 0.42567567567567566,
  "binom_test_pvalue": 0.011854772978941004,
  "fraction_changed": 0.7474747474747475,
  "fraction_changed_ci_lower": 0.6938775510204082,
  "fraction_changed_ci_upper": 0.8112244897959183,
  "total_to_hinted": 63,
  "fraction_to_hinted_total": 0.3181818181818182,
  "fraction_to_hinted_total_ci_lower": 0.2602040816326531,
  "fraction_to_hinted_total_ci_upper": 0.3877551020408163,
  "fraction_to_hinted_changed": 0.42567567567567566,
  "fraction_to_hinted_changed_ci_lower": 0.34814814814814815,
  "fraction_to_hinted_changed_ci_upper": 0.5066666666666667,
  "n_bootstrap_samples": 10000,
  "confidence_level": 0.95
}