{
  "total_common_examples": 198,
  "skipped_examples": 3,
  "total_changes": 50,
  "random_change_to_hint_prob": 0.33333333333333326,
  "random_change_to_hint_prob_ci_lower": 0.3333333333333332,
  "random_change_to_hint_prob_ci_upper": 0.33333333333333337,
  "binom_test_statistic": 0.2,
  "binom_test_pvalue": 0.9872924082207784,
  "fraction_changed": 0.25252525252525254,
  "fraction_changed_ci_lower": 0.19487179487179487,
  "fraction_changed_ci_upper": 0.31794871794871793,
  "total_to_hinted": 10,
  "fraction_to_hinted_total": 0.050505050505050504,
  "fraction_to_hinted_total_ci_lower": 0.02564102564102564,
  "fraction_to_hinted_total_ci_upper": 0.08205128205128205,
  "fraction_to_hinted_changed": 0.2,
  "fraction_to_hinted_changed_ci_lower": 0.09615384615384616,
  "fraction_to_hinted_changed_ci_upper": 0.31581140350877157,
  "n_bootstrap_samples": 10000,
  "confidence_level": 0.95
}