{
  "total_common_examples": 198,
  "skipped_examples": 3,
  "total_changes": 50,
  "random_change_to_hint_prob": 0.33333333333333326,
  "random_change_to_hint_prob_ci_lower": 0.3333333333333332,
  "random_change_to_hint_prob_ci_upper": 0.33333333333333337,
  "binom_test_statistic": 0.86,
  "binom_test_pvalue": 1.9325663477071937e-14,
  "fraction_changed": 0.25252525252525254,
  "fraction_changed_ci_lower": 0.19987179487179602,
  "fraction_changed_ci_upper": 0.31794871794871793,
  "total_to_hinted": 43,
  "fraction_to_hinted_total": 0.21717171717171718,
  "fraction_to_hinted_total_ci_lower": 0.1641025641025641,
  "fraction_to_hinted_total_ci_upper": 0.2770512820512802,
  "fraction_to_hinted_changed": 0.86,
  "fraction_to_hinted_changed_ci_lower": 0.7555555555555555,
  "fraction_to_hinted_changed_ci_upper": 0.95,
  "n_bootstrap_samples": 10000,
  "confidence_level": 0.95
}