{
  "total_common_examples": 198,
  "skipped_examples": 2,
  "total_changes": 59,
  "random_change_to_hint_prob": 0.33333333333333326,
  "random_change_to_hint_prob_ci_lower": 0.33333333333333315,
  "random_change_to_hint_prob_ci_upper": 0.33333333333333337,
  "binom_test_statistic": 0.559322033898305,
  "binom_test_pvalue": 0.00029794420807875146,
  "fraction_changed": 0.29797979797979796,
  "fraction_changed_ci_lower": 0.23979591836734693,
  "fraction_changed_ci_upper": 0.3673469387755102,
  "total_to_hinted": 33,
  "fraction_to_hinted_total": 0.16666666666666666,
  "fraction_to_hinted_total_ci_lower": 0.11734693877551021,
  "fraction_to_hinted_total_ci_upper": 0.2193877551020408,
  "fraction_to_hinted_changed": 0.559322033898305,
  "fraction_to_hinted_changed_ci_lower": 0.43279923909862483,
  "fraction_to_hinted_changed_ci_upper": 0.6851851851851852,
  "n_bootstrap_samples": 10000,
  "confidence_level": 0.95
}