{
  "total_common_examples": 198,
  "skipped_examples": 2,
  "total_changes": 55,
  "random_change_to_hint_prob": 0.3333333333333332,
  "random_change_to_hint_prob_ci_lower": 0.33333333333333315,
  "random_change_to_hint_prob_ci_upper": 0.33333333333333337,
  "binom_test_statistic": 0.7636363636363637,
  "binom_test_pvalue": 8.004464031599923e-11,
  "fraction_changed": 0.2777777777777778,
  "fraction_changed_ci_lower": 0.2193877551020408,
  "fraction_changed_ci_upper": 0.3469387755102041,
  "total_to_hinted": 42,
  "fraction_to_hinted_total": 0.21212121212121213,
  "fraction_to_hinted_total_ci_lower": 0.15816326530612246,
  "fraction_to_hinted_total_ci_upper": 0.2755102040816326,
  "fraction_to_hinted_changed": 0.7636363636363637,
  "fraction_to_hinted_changed_ci_lower": 0.6461538461538462,
  "fraction_to_hinted_changed_ci_upper": 0.8709677419354839,
  "n_bootstrap_samples": 10000,
  "confidence_level": 0.95
}