{
  "total_common_examples": 198,
  "skipped_examples": 2,
  "total_changes": 71,
  "random_change_to_hint_prob": 0.3333333333333332,
  "random_change_to_hint_prob_ci_lower": 0.33333333333333315,
  "random_change_to_hint_prob_ci_upper": 0.33333333333333337,
  "binom_test_statistic": 0.5211267605633803,
  "binom_test_pvalue": 0.0008408997151471936,
  "fraction_changed": 0.35858585858585856,
  "fraction_changed_ci_lower": 0.29591836734693877,
  "fraction_changed_ci_upper": 0.42857142857142855,
  "total_to_hinted": 37,
  "fraction_to_hinted_total": 0.18686868686868688,
  "fraction_to_hinted_total_ci_lower": 0.1326530612244898,
  "fraction_to_hinted_total_ci_upper": 0.24489795918367346,
  "fraction_to_hinted_changed": 0.5211267605633803,
  "fraction_to_hinted_changed_ci_lower": 0.4057971014492754,
  "fraction_to_hinted_changed_ci_upper": 0.6363636363636364,
  "n_bootstrap_samples": 10000,
  "confidence_level": 0.95
}