{
  "total_common_examples": 198,
  "skipped_examples": 1,
  "total_changes": 58,
  "random_change_to_hint_prob": 0.33333333333333326,
  "random_change_to_hint_prob_ci_lower": 0.33333333333333315,
  "random_change_to_hint_prob_ci_upper": 0.33333333333333337,
  "binom_test_statistic": 0.22413793103448276,
  "binom_test_pvalue": 0.9748310612587887,
  "fraction_changed": 0.29292929292929293,
  "fraction_changed_ci_lower": 0.22842639593908629,
  "fraction_changed_ci_upper": 0.3604060913705584,
  "total_to_hinted": 13,
  "fraction_to_hinted_total": 0.06565656565656566,
  "fraction_to_hinted_total_ci_lower": 0.03553299492385787,
  "fraction_to_hinted_total_ci_upper": 0.10152284263959391,
  "fraction_to_hinted_changed": 0.22413793103448276,
  "fraction_to_hinted_changed_ci_lower": 0.12244897959183673,
  "fraction_to_hinted_changed_ci_upper": 0.3333333333333333,
  "n_bootstrap_samples": 10000,
  "confidence_level": 0.95
}