{
  "total_common_examples": 198,
  "skipped_examples": 0,
  "total_changes": 150,
  "random_change_to_hint_prob": 0.33333333333333326,
  "random_change_to_hint_prob_ci_lower": 0.33333333333333326,
  "random_change_to_hint_prob_ci_upper": 0.33333333333333337,
  "binom_test_statistic": 0.68,
  "binom_test_pvalue": 4.735265537984466e-18,
  "fraction_changed": 0.7575757575757576,
  "fraction_changed_ci_lower": 0.696969696969697,
  "fraction_changed_ci_upper": 0.8131313131313131,
  "total_to_hinted": 102,
  "fraction_to_hinted_total": 0.5151515151515151,
  "fraction_to_hinted_total_ci_lower": 0.4494949494949495,
  "fraction_to_hinted_total_ci_upper": 0.5858585858585859,
  "fraction_to_hinted_changed": 0.68,
  "fraction_to_hinted_changed_ci_lower": 0.6064516129032258,
  "fraction_to_hinted_changed_ci_upper": 0.7532467532467533,
  "n_bootstrap_samples": 10000,
  "confidence_level": 0.95
}