{
  "total_common_examples": 198,
  "skipped_examples": 3,
  "total_changes": 90,
  "random_change_to_hint_prob": 0.3333333333333333,
  "random_change_to_hint_prob_ci_lower": 0.33333333333333326,
  "random_change_to_hint_prob_ci_upper": 0.3333333333333334,
  "binom_test_statistic": 0.8888888888888888,
  "binom_test_pvalue": 7.149873879005535e-28,
  "fraction_changed": 0.45454545454545453,
  "fraction_changed_ci_lower": 0.38974358974358975,
  "fraction_changed_ci_upper": 0.5333333333333333,
  "total_to_hinted": 80,
  "fraction_to_hinted_total": 0.40404040404040403,
  "fraction_to_hinted_total_ci_lower": 0.3384615384615385,
  "fraction_to_hinted_total_ci_upper": 0.48205128205128206,
  "fraction_to_hinted_changed": 0.8888888888888888,
  "fraction_to_hinted_changed_ci_lower": 0.8192771084337349,
  "fraction_to_hinted_changed_ci_upper": 0.9494949494949495,
  "n_bootstrap_samples": 10000,
  "confidence_level": 0.95
}