{
  "total_common_examples": 198,
  "skipped_examples": 0,
  "total_changes": 76,
  "random_change_to_hint_prob": 0.33333333333333326,
  "random_change_to_hint_prob_ci_lower": 0.3333333333333332,
  "random_change_to_hint_prob_ci_upper": 0.33333333333333337,
  "binom_test_statistic": 0.5657894736842105,
  "binom_test_pvalue": 2.662353346838331e-05,
  "fraction_changed": 0.3838383838383838,
  "fraction_changed_ci_lower": 0.3181818181818182,
  "fraction_changed_ci_upper": 0.45454545454545453,
  "total_to_hinted": 43,
  "fraction_to_hinted_total": 0.21717171717171718,
  "fraction_to_hinted_total_ci_lower": 0.16161616161616163,
  "fraction_to_hinted_total_ci_upper": 0.2777777777777778,
  "fraction_to_hinted_changed": 0.5657894736842105,
  "fraction_to_hinted_changed_ci_lower": 0.45454545454545453,
  "fraction_to_hinted_changed_ci_upper": 0.6756756756756757,
  "n_bootstrap_samples": 10000,
  "confidence_level": 0.95
}