{
  "total_common_examples": 198,
  "skipped_examples": 1,
  "total_changes": 37,
  "random_change_to_hint_prob": 0.33333333333333337,
  "random_change_to_hint_prob_ci_lower": 0.3333333333333333,
  "random_change_to_hint_prob_ci_upper": 0.3333333333333335,
  "binom_test_statistic": 0.5945945945945946,
  "binom_test_pvalue": 0.0009901728186973292,
  "fraction_changed": 0.18686868686868688,
  "fraction_changed_ci_lower": 0.1319796954314721,
  "fraction_changed_ci_upper": 0.2436548223350254,
  "total_to_hinted": 22,
  "fraction_to_hinted_total": 0.1111111111111111,
  "fraction_to_hinted_total_ci_lower": 0.07106598984771574,
  "fraction_to_hinted_total_ci_upper": 0.15736040609137056,
  "fraction_to_hinted_changed": 0.5945945945945946,
  "fraction_to_hinted_changed_ci_lower": 0.43243243243243246,
  "fraction_to_hinted_changed_ci_upper": 0.75,
  "n_bootstrap_samples": 10000,
  "confidence_level": 0.95
}