{
  "total_common_examples": 198,
  "skipped_examples": 2,
  "total_changes": 77,
  "random_change_to_hint_prob": 0.33333333333333326,
  "random_change_to_hint_prob_ci_lower": 0.3333333333333332,
  "random_change_to_hint_prob_ci_upper": 0.33333333333333337,
  "binom_test_statistic": 0.18181818181818182,
  "binom_test_pvalue": 0.9990019396762823,
  "fraction_changed": 0.3888888888888889,
  "fraction_changed_ci_lower": 0.32653061224489793,
  "fraction_changed_ci_upper": 0.4642857142857143,
  "total_to_hinted": 14,
  "fraction_to_hinted_total": 0.0707070707070707,
  "fraction_to_hinted_total_ci_lower": 0.03571428571428571,
  "fraction_to_hinted_total_ci_upper": 0.10714285714285714,
  "fraction_to_hinted_changed": 0.18181818181818182,
  "fraction_to_hinted_changed_ci_lower": 0.09859154929577464,
  "fraction_to_hinted_changed_ci_upper": 0.2727272727272727,
  "n_bootstrap_samples": 10000,
  "confidence_level": 0.95
}