{
  "total_common_examples": 198,
  "skipped_examples": 0,
  "total_changes": 75,
  "random_change_to_hint_prob": 0.33333333333333326,
  "random_change_to_hint_prob_ci_lower": 0.3333333333333332,
  "random_change_to_hint_prob_ci_upper": 0.33333333333333337,
  "binom_test_statistic": 0.36,
  "binom_test_pvalue": 0.35238799417467936,
  "fraction_changed": 0.3787878787878788,
  "fraction_changed_ci_lower": 0.31313131313131315,
  "fraction_changed_ci_upper": 0.4494949494949495,
  "total_to_hinted": 27,
  "fraction_to_hinted_total": 0.13636363636363635,
  "fraction_to_hinted_total_ci_lower": 0.09090909090909091,
  "fraction_to_hinted_total_ci_upper": 0.18686868686868688,
  "fraction_to_hinted_changed": 0.36,
  "fraction_to_hinted_changed_ci_lower": 0.25,
  "fraction_to_hinted_changed_ci_upper": 0.4696969696969697,
  "n_bootstrap_samples": 10000,
  "confidence_level": 0.95
}