{
  "total_common_examples": 198,
  "skipped_examples": 2,
  "total_changes": 65,
  "random_change_to_hint_prob": 0.3333333333333333,
  "random_change_to_hint_prob_ci_lower": 0.33333333333333315,
  "random_change_to_hint_prob_ci_upper": 0.3333333333333333,
  "binom_test_statistic": 0.9538461538461539,
  "binom_test_pvalue": 3.4743152323744485e-26,
  "fraction_changed": 0.3282828282828283,
  "fraction_changed_ci_lower": 0.2653061224489796,
  "fraction_changed_ci_upper": 0.3979591836734694,
  "total_to_hinted": 62,
  "fraction_to_hinted_total": 0.31313131313131315,
  "fraction_to_hinted_total_ci_lower": 0.2549744897959195,
  "fraction_to_hinted_total_ci_upper": 0.3826530612244898,
  "fraction_to_hinted_changed": 0.9538461538461539,
  "fraction_to_hinted_changed_ci_lower": 0.896097132034632,
  "fraction_to_hinted_changed_ci_upper": 1.0,
  "n_bootstrap_samples": 10000,
  "confidence_level": 0.95
}