{
  "total_common_examples": 198,
  "skipped_examples": 2,
  "total_changes": 55,
  "random_change_to_hint_prob": 0.3333333333333332,
  "random_change_to_hint_prob_ci_lower": 0.33333333333333315,
  "random_change_to_hint_prob_ci_upper": 0.33333333333333337,
  "binom_test_statistic": 0.8909090909090909,
  "binom_test_pvalue": 1.1306054934790453e-17,
  "fraction_changed": 0.2777777777777778,
  "fraction_changed_ci_lower": 0.2193877551020408,
  "fraction_changed_ci_upper": 0.3469387755102041,
  "total_to_hinted": 49,
  "fraction_to_hinted_total": 0.2474747474747475,
  "fraction_to_hinted_total_ci_lower": 0.18877551020408162,
  "fraction_to_hinted_total_ci_upper": 0.3112244897959184,
  "fraction_to_hinted_changed": 0.8909090909090909,
  "fraction_to_hinted_changed_ci_lower": 0.8,
  "fraction_to_hinted_changed_ci_upper": 0.9666666666666667,
  "n_bootstrap_samples": 10000,
  "confidence_level": 0.95
}