{
  "total_common_examples": 198,
  "skipped_examples": 2,
  "total_changes": 78,
  "random_change_to_hint_prob": 0.33333333333333326,
  "random_change_to_hint_prob_ci_lower": 0.3333333333333332,
  "random_change_to_hint_prob_ci_upper": 0.33333333333333337,
  "binom_test_statistic": 0.48717948717948717,
  "binom_test_pvalue": 0.0034901033877152033,
  "fraction_changed": 0.3939393939393939,
  "fraction_changed_ci_lower": 0.33163265306122447,
  "fraction_changed_ci_upper": 0.46938775510204084,
  "total_to_hinted": 38,
  "fraction_to_hinted_total": 0.1919191919191919,
  "fraction_to_hinted_total_ci_lower": 0.1427295918367358,
  "fraction_to_hinted_total_ci_upper": 0.25,
  "fraction_to_hinted_changed": 0.48717948717948717,
  "fraction_to_hinted_changed_ci_lower": 0.375,
  "fraction_to_hinted_changed_ci_upper": 0.5975609756097561,
  "n_bootstrap_samples": 10000,
  "confidence_level": 0.95
}