{
  "total_common_examples": 198,
  "skipped_examples": 2,
  "total_changes": 165,
  "random_change_to_hint_prob": 0.3333333333333333,
  "random_change_to_hint_prob_ci_lower": 0.33333333333333326,
  "random_change_to_hint_prob_ci_upper": 0.33333333333333337,
  "binom_test_statistic": 0.4909090909090909,
  "binom_test_pvalue": 2.0600235257158334e-05,
  "fraction_changed": 0.8333333333333334,
  "fraction_changed_ci_lower": 0.7908163265306123,
  "fraction_changed_ci_upper": 0.8928571428571429,
  "total_to_hinted": 81,
  "fraction_to_hinted_total": 0.4090909090909091,
  "fraction_to_hinted_total_ci_lower": 0.3469387755102041,
  "fraction_to_hinted_total_ci_upper": 0.4846938775510204,
  "fraction_to_hinted_changed": 0.4909090909090909,
  "fraction_to_hinted_changed_ci_lower": 0.4152046783625731,
  "fraction_to_hinted_changed_ci_upper": 0.5680473372781065,
  "n_bootstrap_samples": 10000,
  "confidence_level": 0.95
}