{
  "total_common_examples": 198,
  "skipped_examples": 3,
  "total_changes": 86,
  "random_change_to_hint_prob": 0.33333333333333326,
  "random_change_to_hint_prob_ci_lower": 0.3333333333333332,
  "random_change_to_hint_prob_ci_upper": 0.3333333333333334,
  "binom_test_statistic": 0.8953488372093024,
  "binom_test_pvalue": 2.3177990515010826e-27,
  "fraction_changed": 0.43434343434343436,
  "fraction_changed_ci_lower": 0.36923076923076925,
  "fraction_changed_ci_upper": 0.5128205128205128,
  "total_to_hinted": 77,
  "fraction_to_hinted_total": 0.3888888888888889,
  "fraction_to_hinted_total_ci_lower": 0.3282051282051282,
  "fraction_to_hinted_total_ci_upper": 0.46153846153846156,
  "fraction_to_hinted_changed": 0.8953488372093024,
  "fraction_to_hinted_changed_ci_lower": 0.8255668604651164,
  "fraction_to_hinted_changed_ci_upper": 0.9550561797752809,
  "n_bootstrap_samples": 10000,
  "confidence_level": 0.95
}