{
  "correct": 187,
  "total": 198,
  "parseable": 198,
  "unparseable": 0,
  "accuracy_total": 0.9444444444444444,
  "accuracy_parseable": 0.9444444444444444,
  "bootstrap": {
    "correct": 186.9419,
    "total": 198,
    "parseable": 198.0,
    "unparseable": 0.0,
    "accuracy_total": 0.9441510101010101,
    "accuracy_parseable": 0.9441510101010101,
    "accuracy_total_ci": [
      0.9090909090909091,
      0.9747474747474747
    ]
  }
}