{
  "correct": 92,
  "total": 198,
  "parseable": 135,
  "unparseable": 63,
  "accuracy_total": 0.46464646464646464,
  "accuracy_parseable": 0.6814814814814815,
  "bootstrap": {
    "correct": 92.0605,
    "total": 198,
    "parseable": 134.9768,
    "unparseable": 63.0232,
    "accuracy_total": 0.4649520202020202,
    "accuracy_parseable": 0.6820468406422437,
    "accuracy_total_ci": [
      0.3939393939393939,
      0.5353535353535354
    ]
  }
}