{
  "correct": 165,
  "total": 200,
  "parseable": 200,
  "unparseable": 0,
  "accuracy_total": 0.825,
  "accuracy_parseable": 0.825,
  "bootstrap": {
    "correct": 165.0427,
    "total": 200,
    "parseable": 200.0,
    "unparseable": 0.0,
    "accuracy_total": 0.8252134999999999,
    "accuracy_parseable": 0.8252134999999999,
    "accuracy_total_ci": [
      0.77,
      0.875
    ]
  }
}