{
  "correct": 187,
  "total": 200,
  "parseable": 188,
  "unparseable": 12,
  "accuracy_total": 0.935,
  "accuracy_parseable": 0.9946808510638298,
  "bootstrap": {
    "correct": 186.9525,
    "total": 200,
    "parseable": 187.9658,
    "unparseable": 12.0342,
    "accuracy_total": 0.9347624999999999,
    "accuracy_parseable": 0.9946091257026544,
    "accuracy_total_ci": [
      0.9,
      0.965
    ]
  }
}