{
  "correct": 132,
  "total": 200,
  "parseable": 180,
  "unparseable": 20,
  "accuracy_total": 0.66,
  "accuracy_parseable": 0.7333333333333333,
  "bootstrap": {
    "correct": 131.9767,
    "total": 200,
    "parseable": 179.9671,
    "unparseable": 20.0329,
    "accuracy_total": 0.6598835,
    "accuracy_parseable": 0.7333379267655032,
    "accuracy_total_ci": [
      0.59,
      0.725
    ]
  }
}