{
  "correct": 163,
  "total": 200,
  "parseable": 198,
  "unparseable": 2,
  "accuracy_total": 0.815,
  "accuracy_parseable": 0.8232323232323232,
  "bootstrap": {
    "correct": 163.0673,
    "total": 200,
    "parseable": 198.0162,
    "unparseable": 1.9838,
    "accuracy_total": 0.8153364999999999,
    "accuracy_parseable": 0.8235048445531223,
    "accuracy_total_ci": [
      0.76,
      0.87
    ]
  }
}